working_set_bytes,working_set_kib,stride_bytes,seed,warmup_accesses,measure_accesses,total_cycles,cycles_per_access,estimated_ns_per_access,final_index
4096,4.000000,4,1,3072,1048576,37748848,36.000107,27.692390,1000
8192,8.000000,4,1,6144,1048576,37748808,36.000069,27.692361,1000
12288,12.000000,4,1,9216,1048576,37748808,36.000069,27.692361,2646
16384,16.000000,4,1,12288,1048576,37748808,36.000069,27.692361,2955
24576,24.000000,4,1,18432,1048576,37748808,36.000069,27.692361,792
32768,32.000000,4,1,24576,1048576,39845964,38.000072,29.230825,5223
49152,48.000000,4,1,36864,1048576,50577756,48.234707,37.103621,792
65536,64.000000,4,1,49152,1048576,53702064,51.214279,39.395599,5223
98304,96.000000,4,1,73728,1048576,59001108,56.267841,43.282955,15269
131072,128.000000,4,1,98304,1048576,61503018,58.653849,45.118345,5223
196608,192.000000,4,1,147456,1048576,62002784,59.130463,45.484971,44220
262144,256.000000,4,1,196608,1048576,63306852,60.374119,46.441630,7199
393216,384.000000,4,1,294912,1048576,64527312,61.538040,47.336954,49472
524288,512.000000,4,1,393216,1048576,67308448,64.190338,49.377183,94616
786432,768.000000,4,1,589824,1048576,138161676,131.761242,101.354801,116105
1048576,1024.000000,4,1,786432,1048576,173787342,165.736525,127.489634,94616
2097152,2048.000000,4,1,1048576,1572864,327576074,208.267259,160.205584,94616
3145728,3072.000000,4,1,1048576,2359296,547284490,231.969405,178.438004,560569
4194304,4096.000000,4,1,1048576,3145728,739526984,235.089297,180.837921,94616
6291456,6144.000000,4,1,1048576,4718592,1171789436,248.334553,191.026579,1118678
8388608,8192.000000,4,1,1048576,6291456,1589710944,252.677750,194.367500,1118678
12582912,12288.000000,4,1,1048576,9437184,2349765388,248.990100,191.530846,2819081
16777216,16384.000000,4,1,1048576,12582912,3304442924,262.613529,202.010407,2819081
25165824,24576.000000,4,1,1048576,18874368,4772942108,252.879572,194.522748,2819081
33554432,32768.000000,4,1,1048576,25165824,6694914526,266.032001,204.640001,7766189
50331648,49152.000000,4,1,1048576,37748736,12688710464,336.136035,258.566181,7766189
67108864,65536.000000,4,1,1048576,50331648,18400830400,365.591653,281.224349,13806791
100663296,98304.000000,4,1,1048576,75497472,31440814080,416.448568,320.345052,13806791
134217728,131072.000000,4,1,1048576,100663296,42591439504,423.107937,325.467644,13806791
201326592,196608.000000,4,1,1048576,150994944,68430266612,453.195748,348.612114,13806791
268435456,262144.000000,4,1,1048576,201326592,91966529900,456.802695,351.386689,13806791
536870912,524288.000000,4,1,1048576,402653184,187951381988,466.782307,359.063313,98189830
