requested_atomic_ops_per_thread,gpu,cc_major,cc_minor,atomic_type,ilp,sm_count,threads_per_block,blocks_per_sm,blocks,hot_addresses,atomic_ops_per_thread,kernel_repeat,trials,total_threads,total_atomic_ops,median_ms,min_ms,max_ms,GAtomicOps_per_s,effective_ns_per_op,counter0
1,ZW-M890P,8,9,atom,1,39,128,4,156,1,1,8,5,19968,159744,0.12913,0.12825,0.13121,1.23708,0.808356,159744
1,ZW-M890P,8,9,atom,1,39,256,4,156,1,1,8,5,39936,319488,0.25176,0.25145,0.25207,1.26902,0.788011,319488
1,ZW-M890P,8,9,atom,1,39,512,4,156,1,1,8,5,79872,638976,0.49651,0.49635,0.49759,1.28693,0.77704,638976
1,ZW-M890P,8,9,atom,1,39,1024,4,156,1,1,8,5,159744,1277952,0.98943,0.98865,0.98984,1.2916,0.774231,1277952
1,ZW-M890P,8,9,atom,2,39,128,4,156,1,2,8,5,19968,319488,0.2516,0.25121,0.25376,1.26983,0.78751,319488
1,ZW-M890P,8,9,atom,2,39,256,4,156,1,2,8,5,39936,638976,0.4979,0.49679,0.49792,1.28334,0.779216,638976
1,ZW-M890P,8,9,atom,2,39,512,4,156,1,2,8,5,79872,1277952,0.9883,0.98783,0.98899,1.29308,0.773347,1277952
1,ZW-M890P,8,9,atom,2,39,1024,4,156,1,2,8,5,159744,2555904,1.97246,1.97201,1.97265,1.2958,0.771727,2555904
1,ZW-M890P,8,9,atom,4,39,128,4,156,1,4,8,5,19968,638976,0.49759,0.49726,0.49959,1.28414,0.77873,638976
1,ZW-M890P,8,9,atom,4,39,256,4,156,1,4,8,5,39936,1277952,0.98873,0.98836,0.98933,1.29252,0.773683,1277952
1,ZW-M890P,8,9,atom,4,39,512,4,156,1,4,8,5,79872,2555904,1.97119,1.97091,1.97204,1.29663,0.77123,2555904
1,ZW-M890P,8,9,atom,4,39,1024,4,156,1,4,8,5,159744,5111808,3.93854,3.93789,3.93874,1.29789,0.770479,5111808
1,ZW-M890P,8,9,atom,8,39,128,4,156,1,8,8,5,19968,1277952,0.98933,0.98868,0.9911,1.29173,0.774153,1277952
1,ZW-M890P,8,9,atom,8,39,256,4,156,1,8,8,5,39936,2555904,1.97174,1.97124,1.97187,1.29627,0.771445,2555904
1,ZW-M890P,8,9,atom,8,39,512,4,156,1,8,8,5,79872,5111808,3.93738,3.93702,3.938,1.29828,0.770252,5111808
1,ZW-M890P,8,9,atom,8,39,1024,4,156,1,8,8,5,159744,10223616,7.87074,7.87027,7.87083,1.29894,0.769859,10223616
32,ZW-M890P,8,9,atom,1,39,128,4,156,1,32,8,5,19968,5111808,3.93829,3.93744,3.94004,1.29798,0.77043,5111808
32,ZW-M890P,8,9,atom,1,39,256,4,156,1,32,8,5,39936,10223616,7.86999,7.86957,7.87002,1.29906,0.769785,10223616
32,ZW-M890P,8,9,atom,1,39,512,4,156,1,32,8,5,79872,20447232,15.7339,15.7336,15.7344,1.29956,0.769489,20447232
32,ZW-M890P,8,9,atom,1,39,1024,4,156,1,32,8,5,159744,40894464,31.4636,31.4634,31.4639,1.29974,0.769385,40894464
32,ZW-M890P,8,9,atom,2,39,128,4,156,1,32,8,5,19968,5111808,3.9383,3.9371,3.9402,1.29797,0.770432,5111808
32,ZW-M890P,8,9,atom,2,39,256,4,156,1,32,8,5,39936,10223616,7.8698,7.86947,7.87029,1.29909,0.769767,10223616
32,ZW-M890P,8,9,atom,2,39,512,4,156,1,32,8,5,79872,20447232,15.7339,15.7335,15.7341,1.29956,0.76949,20447232
32,ZW-M890P,8,9,atom,2,39,1024,4,156,1,32,8,5,159744,40894464,31.4637,31.463,31.4641,1.29973,0.769388,40894464
32,ZW-M890P,8,9,atom,4,39,128,4,156,1,32,8,5,19968,5111808,3.93828,3.93747,3.94032,1.29798,0.770428,5111808
32,ZW-M890P,8,9,atom,4,39,256,4,156,1,32,8,5,39936,10223616,7.86982,7.86929,7.87028,1.29909,0.769769,10223616
32,ZW-M890P,8,9,atom,4,39,512,4,156,1,32,8,5,79872,20447232,15.7346,15.7336,15.7349,1.2995,0.769525,20447232
32,ZW-M890P,8,9,atom,4,39,1024,4,156,1,32,8,5,159744,40894464,31.4639,31.463,31.4642,1.29973,0.769392,40894464
32,ZW-M890P,8,9,atom,8,39,128,4,156,1,32,8,5,19968,5111808,3.93851,3.93824,3.9409,1.2979,0.770473,5111808
32,ZW-M890P,8,9,atom,8,39,256,4,156,1,32,8,5,39936,10223616,7.86986,7.86952,7.87019,1.29908,0.769773,10223616
32,ZW-M890P,8,9,atom,8,39,512,4,156,1,32,8,5,79872,20447232,15.7346,15.7335,15.7349,1.29951,0.769523,20447232
32,ZW-M890P,8,9,atom,8,39,1024,4,156,1,32,8,5,159744,40894464,31.4636,31.4632,31.4639,1.29974,0.769386,40894464
64,ZW-M890P,8,9,atom,1,39,128,4,156,1,64,8,5,19968,10223616,7.87035,7.86995,7.87256,1.299,0.769821,10223616
64,ZW-M890P,8,9,atom,1,39,256,4,156,1,64,8,5,39936,20447232,15.7344,15.7337,15.7348,1.29952,0.769514,20447232
64,ZW-M890P,8,9,atom,1,39,512,4,156,1,64,8,5,79872,40894464,31.4631,31.462,31.4634,1.29976,0.769374,40894464
64,ZW-M890P,8,9,atom,1,39,1024,4,156,1,64,8,5,159744,81788928,62.9209,62.9204,62.9264,1.29987,0.769309,81788928
64,ZW-M890P,8,9,atom,2,39,128,4,156,1,64,8,5,19968,10223616,7.87041,7.86982,7.87235,1.29899,0.769826,10223616
64,ZW-M890P,8,9,atom,2,39,256,4,156,1,64,8,5,39936,20447232,15.7345,15.7338,15.7351,1.29952,0.769517,20447232
64,ZW-M890P,8,9,atom,2,39,512,4,156,1,64,8,5,79872,40894464,31.4629,31.4625,31.4633,1.29977,0.769369,40894464
64,ZW-M890P,8,9,atom,2,39,1024,4,156,1,64,8,5,159744,81788928,62.9216,62.9205,62.9268,1.29986,0.769316,81788928
64,ZW-M890P,8,9,atom,4,39,128,4,156,1,64,8,5,19968,10223616,7.87047,7.87002,7.87244,1.29898,0.769832,10223616
64,ZW-M890P,8,9,atom,4,39,256,4,156,1,64,8,5,39936,20447232,15.7345,15.7339,15.7346,1.29952,0.769517,20447232
64,ZW-M890P,8,9,atom,4,39,512,4,156,1,64,8,5,79872,40894464,31.463,31.4625,31.4636,1.29976,0.769371,40894464
64,ZW-M890P,8,9,atom,4,39,1024,4,156,1,64,8,5,159744,81788928,62.9212,62.9204,62.9287,1.29986,0.769311,81788928
64,ZW-M890P,8,9,atom,8,39,128,4,156,1,64,8,5,19968,10223616,7.87031,7.86979,7.87255,1.29901,0.769817,10223616
64,ZW-M890P,8,9,atom,8,39,256,4,156,1,64,8,5,39936,20447232,15.7343,15.7338,15.7345,1.29954,0.769506,20447232
64,ZW-M890P,8,9,atom,8,39,512,4,156,1,64,8,5,79872,40894464,31.4623,31.462,31.4629,1.29979,0.769353,40894464
64,ZW-M890P,8,9,atom,8,39,1024,4,156,1,64,8,5,159744,81788928,62.9208,62.9202,62.9276,1.29987,0.769307,81788928
128,ZW-M890P,8,9,atom,1,39,128,4,156,1,128,8,5,19968,20447232,15.7346,15.734,15.7364,1.29951,0.769523,20447232
128,ZW-M890P,8,9,atom,1,39,256,4,156,1,128,8,5,39936,40894464,31.4629,31.4625,31.463,1.29977,0.769369,40894464
128,ZW-M890P,8,9,atom,1,39,512,4,156,1,128,8,5,79872,81788928,62.9202,62.9196,62.9255,1.29988,0.769299,81788928
128,ZW-M890P,8,9,atom,1,39,1024,4,156,1,128,8,5,159744,163577856,125.835,125.834,125.836,1.29993,0.76927,163577856
128,ZW-M890P,8,9,atom,2,39,128,4,156,1,128,8,5,19968,20447232,15.7346,15.7339,15.7365,1.29951,0.769522,20447232
128,ZW-M890P,8,9,atom,2,39,256,4,156,1,128,8,5,39936,40894464,31.4629,31.4623,31.4632,1.29977,0.769369,40894464
128,ZW-M890P,8,9,atom,2,39,512,4,156,1,128,8,5,79872,81788928,62.9196,62.9194,62.9253,1.2999,0.769293,81788928
128,ZW-M890P,8,9,atom,2,39,1024,4,156,1,128,8,5,159744,163577856,125.836,125.835,125.836,1.29993,0.76927,163577856
128,ZW-M890P,8,9,atom,4,39,128,4,156,1,128,8,5,19968,20447232,15.7347,15.7341,15.7366,1.2995,0.769529,20447232
128,ZW-M890P,8,9,atom,4,39,256,4,156,1,128,8,5,39936,40894464,31.4628,31.4625,31.4631,1.29977,0.769367,40894464
128,ZW-M890P,8,9,atom,4,39,512,4,156,1,128,8,5,79872,81788928,62.9196,62.9195,62.9267,1.2999,0.769293,81788928
128,ZW-M890P,8,9,atom,4,39,1024,4,156,1,128,8,5,159744,163577856,125.836,125.835,125.836,1.29993,0.769271,163577856
128,ZW-M890P,8,9,atom,8,39,128,4,156,1,128,8,5,19968,20447232,15.7347,15.7341,15.7366,1.2995,0.769527,20447232
128,ZW-M890P,8,9,atom,8,39,256,4,156,1,128,8,5,39936,40894464,31.4627,31.462,31.463,1.29978,0.769363,40894464
128,ZW-M890P,8,9,atom,8,39,512,4,156,1,128,8,5,79872,81788928,62.9197,62.9196,62.926,1.29989,0.769293,81788928
128,ZW-M890P,8,9,atom,8,39,1024,4,156,1,128,8,5,159744,163577856,125.836,125.835,125.836,1.29993,0.76927,163577856
512,ZW-M890P,8,9,atom,1,39,128,4,156,1,512,8,5,19968,81788928,62.9204,62.9202,62.9222,1.29988,0.769302,81788928
512,ZW-M890P,8,9,atom,1,39,256,4,156,1,512,8,5,39936,163577856,125.835,125.834,125.84,1.29994,0.769266,163577856
512,ZW-M890P,8,9,atom,1,39,512,4,156,1,512,8,5,79872,327155712,251.664,251.663,251.669,1.29997,0.769247,327155712
512,ZW-M890P,8,9,atom,1,39,1024,4,156,1,512,8,5,159744,654311424,503.324,503.322,503.328,1.29998,0.769242,654311424
512,ZW-M890P,8,9,atom,2,39,128,4,156,1,512,8,5,19968,81788928,62.9207,62.9201,62.9224,1.29987,0.769306,81788928
512,ZW-M890P,8,9,atom,2,39,256,4,156,1,512,8,5,39936,163577856,125.835,125.835,125.841,1.29994,0.769265,163577856
512,ZW-M890P,8,9,atom,2,39,512,4,156,1,512,8,5,79872,327155712,251.664,251.663,251.664,1.29997,0.769248,327155712
512,ZW-M890P,8,9,atom,2,39,1024,4,156,1,512,8,5,159744,654311424,503.323,503.322,503.329,1.29998,0.769241,654311424
512,ZW-M890P,8,9,atom,4,39,128,4,156,1,512,8,5,19968,81788928,62.9204,62.92,62.9224,1.29988,0.769302,81788928
512,ZW-M890P,8,9,atom,4,39,256,4,156,1,512,8,5,39936,163577856,125.835,125.834,125.841,1.29994,0.769265,163577856
512,ZW-M890P,8,9,atom,4,39,512,4,156,1,512,8,5,79872,327155712,251.663,251.663,251.665,1.29997,0.769247,327155712
512,ZW-M890P,8,9,atom,4,39,1024,4,156,1,512,8,5,159744,654311424,503.324,503.322,503.329,1.29998,0.769242,654311424
512,ZW-M890P,8,9,atom,8,39,128,4,156,1,512,8,5,19968,81788928,62.9207,62.9202,62.9224,1.29987,0.769306,81788928
512,ZW-M890P,8,9,atom,8,39,256,4,156,1,512,8,5,39936,163577856,125.835,125.834,125.84,1.29994,0.769267,163577856
512,ZW-M890P,8,9,atom,8,39,512,4,156,1,512,8,5,79872,327155712,251.664,251.663,251.67,1.29997,0.769247,327155712
512,ZW-M890P,8,9,atom,8,39,1024,4,156,1,512,8,5,159744,654311424,503.323,503.322,503.328,1.29998,0.769241,654311424
1024,ZW-M890P,8,9,atom,1,39,128,4,156,1,1024,8,5,19968,163577856,125.835,125.834,125.84,1.29994,0.769268,163577856
1024,ZW-M890P,8,9,atom,1,39,256,4,156,1,1024,8,5,39936,327155712,251.664,251.664,251.664,1.29997,0.769249,327155712
1024,ZW-M890P,8,9,atom,1,39,512,4,156,1,1024,8,5,79872,654311424,503.323,503.321,503.328,1.29998,0.76924,654311424
1024,ZW-M890P,8,9,atom,1,39,1024,4,156,1,1024,8,5,159744,1308622848,1006.64,1006.64,1006.65,1.29999,0.769236,1308622848
1024,ZW-M890P,8,9,atom,2,39,128,4,156,1,1024,8,5,19968,163577856,125.836,125.835,125.841,1.29993,0.76927,163577856
1024,ZW-M890P,8,9,atom,2,39,256,4,156,1,1024,8,5,39936,327155712,251.664,251.664,251.664,1.29997,0.769249,327155712
1024,ZW-M890P,8,9,atom,2,39,512,4,156,1,1024,8,5,79872,654311424,503.323,503.321,503.328,1.29998,0.76924,654311424
1024,ZW-M890P,8,9,atom,2,39,1024,4,156,1,1024,8,5,159744,1308622848,1006.64,1006.64,1006.65,1.29999,0.769236,1308622848
1024,ZW-M890P,8,9,atom,4,39,128,4,156,1,1024,8,5,19968,163577856,125.835,125.835,125.842,1.29993,0.769269,163577856
1024,ZW-M890P,8,9,atom,4,39,256,4,156,1,1024,8,5,39936,327155712,251.664,251.664,251.665,1.29997,0.76925,327155712
1024,ZW-M890P,8,9,atom,4,39,512,4,156,1,1024,8,5,79872,654311424,503.323,503.322,503.33,1.29998,0.76924,654311424
1024,ZW-M890P,8,9,atom,4,39,1024,4,156,1,1024,8,5,159744,1308622848,1006.64,1006.64,1006.65,1.29999,0.769236,1308622848
1024,ZW-M890P,8,9,atom,8,39,128,4,156,1,1024,8,5,19968,163577856,125.836,125.835,125.842,1.29993,0.769271,163577856
1024,ZW-M890P,8,9,atom,8,39,256,4,156,1,1024,8,5,39936,327155712,251.664,251.663,251.664,1.29997,0.769249,327155712
1024,ZW-M890P,8,9,atom,8,39,512,4,156,1,1024,8,5,79872,654311424,503.323,503.321,503.328,1.29998,0.76924,654311424
1024,ZW-M890P,8,9,atom,8,39,1024,4,156,1,1024,8,5,159744,1308622848,1006.64,1006.64,1006.65,1.29999,0.769236,1308622848
1,ZW-M890P,8,9,red,1,39,128,4,156,1,1,8,5,19968,159744,0.12739,0.12716,0.13026,1.25398,0.797463,159744
1,ZW-M890P,8,9,red,1,39,256,4,156,1,1,8,5,39936,319488,0.25046,0.25004,0.25075,1.2756,0.783942,319488
1,ZW-M890P,8,9,red,1,39,512,4,156,1,1,8,5,79872,638976,0.49589,0.4955,0.49624,1.28854,0.77607,638976
1,ZW-M890P,8,9,red,1,39,1024,4,156,1,1,8,5,159744,1277952,0.98832,0.98756,0.98862,1.29305,0.773362,1277952
1,ZW-M890P,8,9,red,2,39,128,4,156,1,2,8,5,19968,319488,0.25129,0.25039,0.25315,1.27139,0.78654,319488
1,ZW-M890P,8,9,red,2,39,256,4,156,1,2,8,5,39936,638976,0.49644,0.49635,0.49655,1.28712,0.776931,638976
1,ZW-M890P,8,9,red,2,39,512,4,156,1,2,8,5,79872,1277952,0.98767,0.98712,0.98781,1.29391,0.772854,1277952
1,ZW-M890P,8,9,red,2,39,1024,4,156,1,2,8,5,159744,2555904,1.97157,1.97092,1.97158,1.29638,0.771379,2555904
1,ZW-M890P,8,9,red,4,39,128,4,156,1,4,8,5,19968,638976,0.49705,0.49613,0.49914,1.28554,0.777885,638976
1,ZW-M890P,8,9,red,4,39,256,4,156,1,4,8,5,39936,1277952,0.98779,0.98773,0.98798,1.29375,0.772948,1277952
1,ZW-M890P,8,9,red,4,39,512,4,156,1,4,8,5,79872,2555904,1.97065,1.97051,1.97104,1.29699,0.771019,2555904
1,ZW-M890P,8,9,red,4,39,1024,4,156,1,4,8,5,159744,5111808,3.93778,3.9371,3.93808,1.29814,0.77033,5111808
1,ZW-M890P,8,9,red,8,39,128,4,156,1,8,8,5,19968,1277952,0.98796,0.9876,0.99068,1.29353,0.773081,1277952
1,ZW-M890P,8,9,red,8,39,256,4,156,1,8,8,5,39936,2555904,1.97085,1.97063,1.9712,1.29685,0.771097,2555904
1,ZW-M890P,8,9,red,8,39,512,4,156,1,8,8,5,79872,5111808,3.93672,3.93626,3.93726,1.29849,0.770123,5111808
1,ZW-M890P,8,9,red,8,39,1024,4,156,1,8,8,5,159744,10223616,7.86982,7.86964,7.87023,1.29909,0.769769,10223616
32,ZW-M890P,8,9,red,1,39,128,4,156,1,32,8,5,19968,5111808,3.93717,3.93666,3.93998,1.29835,0.770211,5111808
32,ZW-M890P,8,9,red,1,39,256,4,156,1,32,8,5,39936,10223616,7.86905,7.86884,7.86973,1.29922,0.769693,10223616
32,ZW-M890P,8,9,red,1,39,512,4,156,1,32,8,5,79872,20447232,15.7329,15.7324,15.7336,1.29964,0.769441,20447232
32,ZW-M890P,8,9,red,1,39,1024,4,156,1,32,8,5,159744,40894464,31.4626,31.462,31.4631,1.29978,0.769361,40894464
32,ZW-M890P,8,9,red,2,39,128,4,156,1,32,8,5,19968,5111808,3.93781,3.93686,3.93953,1.29813,0.770336,5111808
32,ZW-M890P,8,9,red,2,39,256,4,156,1,32,8,5,39936,10223616,7.86925,7.86898,7.86981,1.29919,0.769713,10223616
32,ZW-M890P,8,9,red,2,39,512,4,156,1,32,8,5,79872,20447232,15.733,15.7329,15.7334,1.29964,0.769446,20447232
32,ZW-M890P,8,9,red,2,39,1024,4,156,1,32,8,5,159744,40894464,31.4629,31.4625,31.4634,1.29977,0.769367,40894464
32,ZW-M890P,8,9,red,4,39,128,4,156,1,32,8,5,19968,5111808,3.93799,3.93722,3.93974,1.29808,0.770371,5111808
32,ZW-M890P,8,9,red,4,39,256,4,156,1,32,8,5,39936,10223616,7.86957,7.8691,7.86983,1.29913,0.769744,10223616
32,ZW-M890P,8,9,red,4,39,512,4,156,1,32,8,5,79872,20447232,15.7332,15.7331,15.7336,1.29962,0.769455,20447232
32,ZW-M890P,8,9,red,4,39,1024,4,156,1,32,8,5,159744,40894464,31.463,31.4621,31.4637,1.29976,0.76937,40894464
32,ZW-M890P,8,9,red,8,39,128,4,156,1,32,8,5,19968,5111808,3.93783,3.93705,3.93975,1.29813,0.77034,5111808
32,ZW-M890P,8,9,red,8,39,256,4,156,1,32,8,5,39936,10223616,7.86927,7.86899,7.86964,1.29918,0.769715,10223616
32,ZW-M890P,8,9,red,8,39,512,4,156,1,32,8,5,79872,20447232,15.7332,15.7332,15.7337,1.29962,0.769455,20447232
32,ZW-M890P,8,9,red,8,39,1024,4,156,1,32,8,5,159744,40894464,31.4631,31.4629,31.4633,1.29976,0.769372,40894464
64,ZW-M890P,8,9,red,1,39,128,4,156,1,64,8,5,19968,10223616,7.86953,7.86892,7.87165,1.29914,0.76974,10223616
64,ZW-M890P,8,9,red,1,39,256,4,156,1,64,8,5,39936,20447232,15.7336,15.7333,15.7341,1.29959,0.769472,20447232
64,ZW-M890P,8,9,red,1,39,512,4,156,1,64,8,5,79872,40894464,31.4617,31.4612,31.4623,1.29982,0.769339,40894464
64,ZW-M890P,8,9,red,1,39,1024,4,156,1,64,8,5,159744,81788928,62.92,62.9194,62.9267,1.29989,0.769297,81788928
64,ZW-M890P,8,9,red,2,39,128,4,156,1,64,8,5,19968,10223616,7.86942,7.86916,7.87161,1.29916,0.76973,10223616
64,ZW-M890P,8,9,red,2,39,256,4,156,1,64,8,5,39936,20447232,15.7338,15.7334,15.7338,1.29958,0.769482,20447232
64,ZW-M890P,8,9,red,2,39,512,4,156,1,64,8,5,79872,40894464,31.4619,31.4613,31.4625,1.29981,0.769344,40894464
64,ZW-M890P,8,9,red,2,39,1024,4,156,1,64,8,5,159744,81788928,62.9206,62.9197,62.9261,1.29988,0.769304,81788928
64,ZW-M890P,8,9,red,4,39,128,4,156,1,64,8,5,19968,10223616,7.86958,7.86922,7.87173,1.29913,0.769745,10223616
64,ZW-M890P,8,9,red,4,39,256,4,156,1,64,8,5,39936,20447232,15.7334,15.7332,15.734,1.2996,0.769466,20447232
64,ZW-M890P,8,9,red,4,39,512,4,156,1,64,8,5,79872,40894464,31.4618,31.4615,31.4622,1.29981,0.769343,40894464
64,ZW-M890P,8,9,red,4,39,1024,4,156,1,64,8,5,159744,81788928,62.9203,62.9193,62.927,1.29988,0.769301,81788928
64,ZW-M890P,8,9,red,8,39,128,4,156,1,64,8,5,19968,10223616,7.87,7.86954,7.87191,1.29906,0.769786,10223616
64,ZW-M890P,8,9,red,8,39,256,4,156,1,64,8,5,39936,20447232,15.7339,15.7335,15.7342,1.29957,0.769486,20447232
64,ZW-M890P,8,9,red,8,39,512,4,156,1,64,8,5,79872,40894464,31.4619,31.4618,31.4627,1.29981,0.769344,40894464
64,ZW-M890P,8,9,red,8,39,1024,4,156,1,64,8,5,159744,81788928,62.9202,62.9195,62.926,1.29988,0.7693,81788928
128,ZW-M890P,8,9,red,1,39,128,4,156,1,128,8,5,19968,20447232,15.7338,15.7337,15.7358,1.29957,0.769484,20447232
128,ZW-M890P,8,9,red,1,39,256,4,156,1,128,8,5,39936,40894464,31.462,31.4619,31.4625,1.2998,0.769347,40894464
128,ZW-M890P,8,9,red,1,39,512,4,156,1,128,8,5,79872,81788928,62.9193,62.919,62.9261,1.2999,0.769289,81788928
128,ZW-M890P,8,9,red,1,39,1024,4,156,1,128,8,5,159744,163577856,125.835,125.834,125.835,1.29994,0.769264,163577856
128,ZW-M890P,8,9,red,2,39,128,4,156,1,128,8,5,19968,20447232,15.7339,15.7336,15.736,1.29956,0.769489,20447232
128,ZW-M890P,8,9,red,2,39,256,4,156,1,128,8,5,39936,40894464,31.4622,31.462,31.4667,1.2998,0.769352,40894464
128,ZW-M890P,8,9,red,2,39,512,4,156,1,128,8,5,79872,81788928,62.9189,62.9186,62.9263,1.29991,0.769284,81788928
128,ZW-M890P,8,9,red,2,39,1024,4,156,1,128,8,5,159744,163577856,125.835,125.834,125.835,1.29994,0.769265,163577856
128,ZW-M890P,8,9,red,4,39,128,4,156,1,128,8,5,19968,20447232,15.7341,15.7336,15.736,1.29955,0.769497,20447232
128,ZW-M890P,8,9,red,4,39,256,4,156,1,128,8,5,39936,40894464,31.4621,31.462,31.4626,1.2998,0.769348,40894464
128,ZW-M890P,8,9,red,4,39,512,4,156,1,128,8,5,79872,81788928,62.9189,62.9188,62.9262,1.29991,0.769284,81788928
128,ZW-M890P,8,9,red,4,39,1024,4,156,1,128,8,5,159744,163577856,125.835,125.834,125.836,1.29994,0.769266,163577856
128,ZW-M890P,8,9,red,8,39,128,4,156,1,128,8,5,19968,20447232,15.734,15.7335,15.736,1.29955,0.769495,20447232
128,ZW-M890P,8,9,red,8,39,256,4,156,1,128,8,5,39936,40894464,31.4621,31.4619,31.4626,1.2998,0.769349,40894464
128,ZW-M890P,8,9,red,8,39,512,4,156,1,128,8,5,79872,81788928,62.9191,62.9189,62.9253,1.29991,0.769286,81788928
128,ZW-M890P,8,9,red,8,39,1024,4,156,1,128,8,5,159744,163577856,125.835,125.834,125.835,1.29994,0.769265,163577856
512,ZW-M890P,8,9,red,1,39,128,4,156,1,512,8,5,19968,81788928,62.9202,62.9195,62.9222,1.29988,0.769299,81788928
512,ZW-M890P,8,9,red,1,39,256,4,156,1,512,8,5,39936,163577856,125.834,125.834,125.841,1.29995,0.769261,163577856
512,ZW-M890P,8,9,red,1,39,512,4,156,1,512,8,5,79872,327155712,251.663,251.663,251.664,1.29998,0.769245,327155712
512,ZW-M890P,8,9,red,1,39,1024,4,156,1,512,8,5,159744,654311424,503.323,503.322,503.328,1.29998,0.76924,654311424
512,ZW-M890P,8,9,red,2,39,128,4,156,1,512,8,5,19968,81788928,62.92,62.9198,62.9218,1.29989,0.769297,81788928
512,ZW-M890P,8,9,red,2,39,256,4,156,1,512,8,5,39936,163577856,125.834,125.834,125.84,1.29995,0.769259,163577856
512,ZW-M890P,8,9,red,2,39,512,4,156,1,512,8,5,79872,327155712,251.663,251.662,251.664,1.29997,0.769246,327155712
512,ZW-M890P,8,9,red,2,39,1024,4,156,1,512,8,5,159744,654311424,503.323,503.322,503.328,1.29998,0.76924,654311424
512,ZW-M890P,8,9,red,4,39,128,4,156,1,512,8,5,19968,81788928,62.9199,62.9189,62.9218,1.29989,0.769296,81788928
512,ZW-M890P,8,9,red,4,39,256,4,156,1,512,8,5,39936,163577856,125.834,125.834,125.84,1.29995,0.769261,163577856
512,ZW-M890P,8,9,red,4,39,512,4,156,1,512,8,5,79872,327155712,251.663,251.663,251.664,1.29997,0.769246,327155712
512,ZW-M890P,8,9,red,4,39,1024,4,156,1,512,8,5,159744,654311424,503.322,503.322,503.328,1.29998,0.76924,654311424
512,ZW-M890P,8,9,red,8,39,128,4,156,1,512,8,5,19968,81788928,62.9202,62.9196,62.922,1.29988,0.769299,81788928
512,ZW-M890P,8,9,red,8,39,256,4,156,1,512,8,5,39936,163577856,125.835,125.834,125.841,1.29994,0.769264,163577856
512,ZW-M890P,8,9,red,8,39,512,4,156,1,512,8,5,79872,327155712,251.663,251.663,251.664,1.29997,0.769246,327155712
512,ZW-M890P,8,9,red,8,39,1024,4,156,1,512,8,5,159744,654311424,503.323,503.322,503.329,1.29998,0.76924,654311424
1024,ZW-M890P,8,9,red,1,39,128,4,156,1,1024,8,5,19968,163577856,125.835,125.834,125.841,1.29994,0.769267,163577856
1024,ZW-M890P,8,9,red,1,39,256,4,156,1,1024,8,5,39936,327155712,251.664,251.663,251.664,1.29997,0.769247,327155712
1024,ZW-M890P,8,9,red,1,39,512,4,156,1,1024,8,5,79872,654311424,503.322,503.321,503.328,1.29999,0.769239,654311424
1024,ZW-M890P,8,9,red,1,39,1024,4,156,1,1024,8,5,159744,1308622848,1006.64,1006.64,1006.65,1.29999,0.769236,1308622848
1024,ZW-M890P,8,9,red,2,39,128,4,156,1,1024,8,5,19968,163577856,125.835,125.834,125.841,1.29994,0.769267,163577856
1024,ZW-M890P,8,9,red,2,39,256,4,156,1,1024,8,5,39936,327155712,251.664,251.663,251.664,1.29997,0.769247,327155712
1024,ZW-M890P,8,9,red,2,39,512,4,156,1,1024,8,5,79872,654311424,503.322,503.321,503.327,1.29999,0.769239,654311424
1024,ZW-M890P,8,9,red,2,39,1024,4,156,1,1024,8,5,159744,1308622848,1006.64,1006.64,1006.64,1.29999,0.769236,1308622848
1024,ZW-M890P,8,9,red,4,39,128,4,156,1,1024,8,5,19968,163577856,125.835,125.834,125.842,1.29994,0.769267,163577856
1024,ZW-M890P,8,9,red,4,39,256,4,156,1,1024,8,5,39936,327155712,251.664,251.663,251.664,1.29997,0.769247,327155712
1024,ZW-M890P,8,9,red,4,39,512,4,156,1,1024,8,5,79872,654311424,503.322,503.321,503.328,1.29999,0.76924,654311424
1024,ZW-M890P,8,9,red,4,39,1024,4,156,1,1024,8,5,159744,1308622848,1006.64,1006.64,1006.65,1.29999,0.769236,1308622848
1024,ZW-M890P,8,9,red,8,39,128,4,156,1,1024,8,5,19968,163577856,125.835,125.834,125.84,1.29994,0.769266,163577856
1024,ZW-M890P,8,9,red,8,39,256,4,156,1,1024,8,5,39936,327155712,251.664,251.663,251.664,1.29997,0.769247,327155712
1024,ZW-M890P,8,9,red,8,39,512,4,156,1,1024,8,5,79872,654311424,503.322,503.321,503.327,1.29999,0.769239,654311424
1024,ZW-M890P,8,9,red,8,39,1024,4,156,1,1024,8,5,159744,1308622848,1006.64,1006.64,1006.64,1.29999,0.769235,1308622848
