requested_array_mib,gpu,cc_major,cc_minor,load_policy,store_policy,ilp,sm_count,threads_per_block,blocks_per_sm,blocks,data_num_per_thread,kernel_repeat,trials,requested_array_bytes,actual_array_bytes,timed_read_bytes,timed_write_bytes,timed_total_bytes,median_ms,min_ms,max_ms,read_GBps,write_GBps,total_GBps
1,ZW-M890P,8,9,cg,cs,2,39,128,4,156,12,8,5,1048576,958464,15335424,7667712,23003136,0.02224,0.0212,0.02465,689.542,344.771,1034.31
1,ZW-M890P,8,9,cg,cs,2,39,256,4,156,6,8,5,1048576,958464,15335424,7667712,23003136,0.01373,0.01359,0.01388,1116.93,558.464,1675.39
1,ZW-M890P,8,9,cg,cs,2,39,512,4,156,2,8,5,1048576,638976,10223616,5111808,15335424,0.00987,0.0094,0.01299,1035.83,517.914,1553.74
1,ZW-M890P,8,9,cg,cs,2,39,1024,4,156,2,8,5,1048576,1277952,20447232,10223616,30670848,0.01558,0.01543,0.0165,1312.4,656.201,1968.6
2,ZW-M890P,8,9,cg,cs,2,39,128,4,156,26,8,5,2097152,2076672,33226752,16613376,49840128,0.03476,0.03439,0.03817,955.89,477.945,1433.84
2,ZW-M890P,8,9,cg,cs,2,39,256,4,156,12,8,5,2097152,1916928,30670848,15335424,46006272,0.02265,0.02233,0.02321,1354.12,677.061,2031.18
2,ZW-M890P,8,9,cg,cs,2,39,512,4,156,6,8,5,2097152,1916928,30670848,15335424,46006272,0.01989,0.01957,0.02057,1542.02,771.012,2313.04
2,ZW-M890P,8,9,cg,cs,2,39,1024,4,156,2,8,5,2097152,1277952,20447232,10223616,30670848,0.01549,0.01532,0.0163,1320.03,660.014,1980.04
4,ZW-M890P,8,9,cg,cs,2,39,128,4,156,52,8,5,4194304,4153344,66453504,33226752,99680256,0.07711,0.07646,0.08013,861.801,430.901,1292.7
4,ZW-M890P,8,9,cg,cs,2,39,256,4,156,26,8,5,4194304,4153344,66453504,33226752,99680256,0.04353,0.04309,0.04423,1526.61,763.307,2289.92
4,ZW-M890P,8,9,cg,cs,2,39,512,4,156,12,8,5,4194304,3833856,61341696,30670848,92012544,0.03392,0.03364,0.03468,1808.42,904.211,2712.63
4,ZW-M890P,8,9,cg,cs,2,39,1024,4,156,6,8,5,4194304,3833856,61341696,30670848,92012544,0.03483,0.03395,0.0351,1761.17,880.587,2641.76
8,ZW-M890P,8,9,cg,cs,2,39,128,4,156,104,8,5,8388608,8306688,132907008,66453504,199360512,0.12076,0.11997,0.12941,1100.59,550.294,1650.88
8,ZW-M890P,8,9,cg,cs,2,39,256,4,156,52,8,5,8388608,8306688,132907008,66453504,199360512,0.08124,0.08112,0.08187,1635.98,817.99,2453.97
8,ZW-M890P,8,9,cg,cs,2,39,512,4,156,26,8,5,8388608,8306688,132907008,66453504,199360512,0.06936,0.06844,0.0705,1916.19,958.095,2874.29
8,ZW-M890P,8,9,cg,cs,2,39,1024,4,156,12,8,5,8388608,7667712,122683392,61341696,184025088,0.0676,0.0648,0.06819,1814.84,907.422,2722.26
16,ZW-M890P,8,9,cg,cs,2,39,128,4,156,210,8,5,16777216,16773120,268369920,134184960,402554880,0.44632,0.44542,0.45124,601.295,300.647,901.942
16,ZW-M890P,8,9,cg,cs,2,39,256,4,156,104,8,5,16777216,16613376,265814016,132907008,398721024,0.24993,0.2495,0.25088,1063.55,531.777,1595.33
16,ZW-M890P,8,9,cg,cs,2,39,512,4,156,52,8,5,16777216,16613376,265814016,132907008,398721024,0.17716,0.17704,0.17929,1500.42,750.209,2250.63
16,ZW-M890P,8,9,cg,cs,2,39,1024,4,156,26,8,5,16777216,16613376,265814016,132907008,398721024,0.13599,0.13411,0.13968,1954.66,977.329,2931.99
32,ZW-M890P,8,9,cg,cs,2,39,128,4,156,420,8,5,33554432,33546240,536739840,268369920,805109760,0.8,0.79608,0.8055,670.925,335.462,1006.39
32,ZW-M890P,8,9,cg,cs,2,39,256,4,156,210,8,5,33554432,33546240,536739840,268369920,805109760,0.50779,0.50568,0.51091,1057.01,528.506,1585.52
32,ZW-M890P,8,9,cg,cs,2,39,512,4,156,104,8,5,33554432,33226752,531628032,265814016,797442048,0.43566,0.37925,0.45834,1220.28,610.141,1830.42
32,ZW-M890P,8,9,cg,cs,2,39,1024,4,156,52,8,5,33554432,33226752,531628032,265814016,797442048,0.36048,0.35944,0.36435,1474.78,737.389,2212.17
64,ZW-M890P,8,9,cg,cs,2,39,128,4,156,840,8,5,67108864,67092480,1073479680,536739840,1610219520,1.7707,1.76966,1.77749,606.246,303.123,909.369
64,ZW-M890P,8,9,cg,cs,2,39,256,4,156,420,8,5,67108864,67092480,1073479680,536739840,1610219520,1.00042,0.99937,1.00562,1073.03,536.515,1609.54
64,ZW-M890P,8,9,cg,cs,2,39,512,4,156,210,8,5,67108864,67092480,1073479680,536739840,1610219520,0.79592,0.79118,0.80501,1348.73,674.364,2023.09
64,ZW-M890P,8,9,cg,cs,2,39,1024,4,156,104,8,5,67108864,66453504,1063256064,531628032,1594884096,0.7406,0.737,0.7435,1435.67,717.834,2153.5
128,ZW-M890P,8,9,cg,cs,2,39,128,4,156,1680,8,5,134217728,134184960,2146959360,1073479680,3220439040,3.50649,3.50232,3.51807,612.282,306.141,918.422
128,ZW-M890P,8,9,cg,cs,2,39,256,4,156,840,8,5,134217728,134184960,2146959360,1073479680,3220439040,1.99665,1.9912,1.99946,1075.28,537.64,1612.92
128,ZW-M890P,8,9,cg,cs,2,39,512,4,156,420,8,5,134217728,134184960,2146959360,1073479680,3220439040,1.92693,1.85747,1.97067,1114.19,557.093,1671.28
128,ZW-M890P,8,9,cg,cs,2,39,1024,4,156,210,8,5,134217728,134184960,2146959360,1073479680,3220439040,1.73878,1.62682,1.80295,1234.75,617.375,1852.13
512,ZW-M890P,8,9,cg,cs,2,39,128,4,156,6720,8,5,536870912,536739840,8587837440,4293918720,12881756160,13.8397,13.8337,13.8425,620.523,310.262,930.785
512,ZW-M890P,8,9,cg,cs,2,39,256,4,156,3360,8,5,536870912,536739840,8587837440,4293918720,12881756160,7.94208,7.86711,8.02938,1081.31,540.654,1621.96
512,ZW-M890P,8,9,cg,cs,2,39,512,4,156,1680,8,5,536870912,536739840,8587837440,4293918720,12881756160,6.91073,6.86767,6.91263,1242.68,621.341,1864.02
512,ZW-M890P,8,9,cg,cs,2,39,1024,4,156,840,8,5,536870912,536739840,8587837440,4293918720,12881756160,7.20252,7.15547,7.22749,1192.34,596.169,1788.51
